[{"id":"user-image-shop.jpg","publicUrl":"np://user.desktop.nicepage.com/Site_206758971/images/shop.jpg","size":648503,"fileName":"shop.jpg","name":"shop","width":1600,"height":800,"thumbnail":{"url":"np://user.desktop.nicepage.com/Site_206758971/images/thumbnails/shop.jpg","width":250,"height":125}},{"id":"user-image-Bee.JPG","publicUrl":"np://user.desktop.nicepage.com/Site_206758971/images/Bee.JPG","size":92165,"fileName":"Bee.JPG","name":"Bee","width":1024,"height":768,"thumbnail":{"url":"np://user.desktop.nicepage.com/Site_206758971/images/thumbnails/Bee.JPG","width":250,"height":188}}]
